x,y,waga
565363.499281493,155985.52761427965,3.0
570306.3642970272,163340.9607265992,1.8525
555533.2021411898,173230.51832466573,3.0
741952.2785102978,162509.6090766173,3.0
545637.6547356003,190394.76008311287,8.925
565362.3464687904,187956.07517559547,6.0
755189.6162947105,172602.99022181518,3.0
767462.6282493542,174927.59739870206,3.0
744382.58732929,181752.47005187534,4.0
577147.2696380132,218513.7825200949,2.15
744373.4154039636,213705.64417149592,4.0
322923.9595993692,270157.44776296895,3.0
323900.6173182167,278079.9754196303,2.7
339757.2562544674,276129.77260042634,9.0
309604.78516107623,291991.431788357,3.0
321948.11539162626,294438.8768002428,1.1325
698159.3677904692,259412.7898037564,3.0
319969.10747342824,310769.121134609,3.0
327883.8066059309,309772.83207305335,3.0
305117.45431403327,320611.4027512567,2.0
321443.0089043096,322628.40954142436,6.0
380773.8532794072,315193.4812707901,6.0
310069.34579262673,328052.35654882435,7.0
317971.92632734997,327102.301209596,5.0
292755.10986267956,350280.08065621275,13.0
401016.56182705093,348770.90045056585,3.0
371920.0166852082,372517.7236446226,4.0
561995.5882259558,416590.7455672724,4.0
515180.3384593877,426559.7872876134,6.0
494068.8706703674,449361.3419127101,7.0
289035.9620614054,479471.5610925639,3.0
570477.980407284,451577.6559581319,3.0
314825.5621113818,492300.79569782596,5.0
547841.0265035141,462457.38424748275,5.0
483816.1490778486,494695.07607606426,3.0
654277.2703248886,480806.64621729683,2.86
568646.662323504,499858.6001610635,3.0
203123.19060331624,562999.145532243,6.0
286932.5318530103,588397.694990946,3.66
742114.4499599233,541489.3772450034,3.0
597171.2436315822,596345.7675649403,3.0
660165.299715654,588109.7798723914,3.0
674566.8620713764,606293.6571270963,7.0
281408.88237891556,669635.8556849966,3.0
463776.3417135042,649833.1468609469,1.875
286397.3463567409,677035.7869255459,3.0
566828.3818972965,640408.3555891709,3.0
775437.8202823367,613101.3380322075,3.0
801578.2494446491,629652.9756990438,5.0
680180.4717702362,649564.8252180135,1.3800000000000001
782120.7748362353,664126.6560443239,3.0
645500.4557111062,690185.166655208,4.0
